name;description ;price ;availability;provider_id
Express Shipping Plus;Premium fast shipping service ensuring expedited delivery of your products.;0;available;1
Extended Warranty Guard;Additional warranty service that extends the standard coverage period for your purchased goods.;0;available;1
24/7 Product Support Line;Around-the-clock customer support line for immediate assistance with your products.;0;available;1
Custom Product Tailoring;Personalization service for products, allowing customization to fit individual preferences.;0;available;21
Priority Restock Alert;An exclusive notification service for clients about the restocking of high-demand products.;277;available;23
Tech Setup Assistance;Specialized service for setting up and configuring new technological devices.;479;unavailable;4
Product Upcycle Program;A sustainable service offering to upgrade or recycle your old products when purchasing new ones.;439;available;3
Home Trial Experience;Service allowing customers to try products at home before finalizing the purchase.;223;available;37
Annual Maintenance Checkup;Regular maintenance service for products to ensure longevity and optimal performance.;68;available;11
VIP Access Pass;Exclusive membership providing early access to new releases and special discounts on products.;0;available;1
Instant Refund Processing;Accelerated refund service for quick and hassle-free returns.;305;available;9
Premium Packaging Upgrade;Enhance your unboxing experience with our luxury packaging option.;124;available;29
Exclusive Members Club;Join our members-only club for special deals, offers, and product previews.;145;available;23
Lifetime Service Guarantee;Extend your product's lifespan with our lifetime repair or replacement promise.;122;available;21
Product Customization Hub;Tailor your products to your exact specifications with our customization service.;350;unavailable;31
Early Bird Delivery;Get your products delivered first thing in the morning with our early delivery option.;0;available;1
Health and Safety Certification;Products come with a verified health and safety certification for peace of mind.;347;available;37
Interactive Product Tutorial;Access to exclusive online tutorials to maximize your product's potential.;238;available;3
Gift Wrapping Boutique;Make your purchase special with our bespoke gift wrapping service.;232;available;11
Smart Compatibility Check;Ensure your new purchase seamlessly integrates with your existing smart devices.;371;available;29
Trade-In Upgrade Program;Exchange your old models for discounts on the latest versions of our products.;420;available;42
Personal Shopper Assistant;Expert advice and personalized shopping assistance to help you choose the perfect product.;133;available;18
Seasonal Product Refresh;Regular updates and refreshes for products to keep them in line with the latest trends.;223;available;29
Exclusive Event Invitations;Receive invitations to product launches and exclusive brand events.;269;available;8
Comprehensive Insurance Cover;Added insurance options for your products, covering accidental damage and loss.;314;available;11
Custom Color Matching;Customize the color of your products to perfectly match your personal style or decor.;63;available;42
Priority Repair Service;Skip the queue with expedited repair services for your products.;100;available;28
One-to-One Training Sessions;Personalized training and tutorials for effective and optimal use of your products.;220;available;10
Family & Friends Referral Rewards;Earn rewards and discounts by referring our products to your loved ones.;406;available;22
Long-Term Storage Option;Secure storage services for your products, ideal for space-saving or temporary needs.;428;available;1
Express Shipping Plus;Premium fast shipping service ensuring expedited delivery of your products.;310;available;21
Extended Warranty Guard;Additional warranty service that extends the standard coverage period for your purchased goods.;454;unavailable;12
24/7 Product Support Line;Around-the-clock customer support line for immediate assistance with your products.;185;available;21
Custom Product Tailoring;Personalization service for products, allowing customization to fit individual preferences.;471;available;30
Priority Restock Alert;An exclusive notification service for clients about the restocking of high-demand products.;334;available;30
Tech Setup Assistance;Specialized service for setting up and configuring new technological devices.;2;available;42
Express Shipping Plus;Premium fast shipping service ensuring expedited delivery of your products.;400;available;30
Extended Warranty Guard;Additional warranty service that extends the standard coverage period for your purchased goods.;112;available;22
24/7 Product Support Line;Around-the-clock customer support line for immediate assistance with your products.;116;available;4
Custom Product Tailoring;Personalization service for products, allowing customization to fit individual preferences.;64;available;23
Priority Restock Alert;An exclusive notification service for clients about the restocking of high-demand products.;235;available;32
Tech Setup Assistance;Specialized service for setting up and configuring new technological devices.;416;unavailable;44
Lifetime Service Guarantee;Extend your product's lifespan with our lifetime repair or replacement promise.;354;available;3
Product Customization Hub;Tailor your products to your exact specifications with our customization service.;400;available;4
Early Bird Delivery;Get your products delivered first thing in the morning with our early delivery option.;219;available;22
Health and Safety Certification;Products come with a verified health and safety certification for peace of mind.;241;available;5
Interactive Product Tutorial;Access to exclusive online tutorials to maximize your product's potential.;319;available;5
Gift Wrapping Boutique;Make your purchase special with our bespoke gift wrapping service.;370;available;46
Smart Compatibility Check;Ensure your new purchase seamlessly integrates with your existing smart devices.;366;available;38
Trade-In Upgrade Program;Exchange your old models for discounts on the latest versions of our products.;9;available;47
Personal Shopper Assistant;Expert advice and personalized shopping assistance to help you choose the perfect product.;152;available;25
Seasonal Product Refresh;Regular updates and refreshes for products to keep them in line with the latest trends.;210;available;39
Express Shipping Plus;Premium fast shipping service ensuring expedited delivery of your products.;251;available;46
Extended Warranty Guard;Additional warranty service that extends the standard coverage period for your purchased goods.;421;available;5
24/7 Product Support Line;Around-the-clock customer support line for immediate assistance with your products.;428;unavailable;24
Custom Product Tailoring;Personalization service for products, allowing customization to fit individual preferences.;448;available;2
Priority Restock Alert;An exclusive notification service for clients about the restocking of high-demand products.;312;available;25
Tech Setup Assistance;Specialized service for setting up and configuring new technological devices.;265;available;43
Product Upcycle Program;A sustainable service offering to upgrade or recycle your old products when purchasing new ones.;29;available;49
Home Trial Experience;Service allowing customers to try products at home before finalizing the purchase.;494;available;27
Annual Maintenance Checkup;Regular maintenance service for products to ensure longevity and optimal performance.;343;available;32
VIP Access Pass;Exclusive membership providing early access to new releases and special discounts on products.;204;available;24
Instant Refund Processing;Accelerated refund service for quick and hassle-free returns.;48;available;25
Premium Packaging Upgrade;Enhance your unboxing experience with our luxury packaging option.;479;available;45
Exclusive Members Club;Join our members-only club for special deals, offers, and product previews.;271;available;32
Lifetime Service Guarantee;Extend your product's lifespan with our lifetime repair or replacement promise.;474;available;6
Product Customization Hub;Tailor your products to your exact specifications with our customization service.;442;available;6
Early Bird Delivery;Get your products delivered first thing in the morning with our early delivery option.;392;available;6
Health and Safety Certification;Products come with a verified health and safety certification for peace of mind.;2;available;49
Interactive Product Tutorial;Access to exclusive online tutorials to maximize your product's potential.;14;available;34
Gift Wrapping Boutique;Make your purchase special with our bespoke gift wrapping service.;190;available;16
Smart Compatibility Check;Ensure your new purchase seamlessly integrates with your existing smart devices.;500;available;17
Trade-In Upgrade Program;Exchange your old models for discounts on the latest versions of our products.;133;available;46
Personal Shopper Assistant;Expert advice and personalized shopping assistance to help you choose the perfect product.;242;available;41
Seasonal Product Refresh;Regular updates and refreshes for products to keep them in line with the latest trends.;300;available;50
Exclusive Event Invitations;Receive invitations to product launches and exclusive brand events.;322;available;27
Comprehensive Insurance Cover;Added insurance options for your products, covering accidental damage and loss.;134;available;16
Custom Color Matching;Customize the color of your products to perfectly match your personal style or decor.;352;available;24
Priority Repair Service;Skip the queue with expedited repair services for your products.;310;available;48
One-to-One Training Sessions;Personalized training and tutorials for effective and optimal use of your products.;98;available;7
Family & Friends Referral Rewards;Earn rewards and discounts by referring our products to your loved ones.;486;available;13
Long-Term Storage Option;Secure storage services for your products, ideal for space-saving or temporary needs.;110;available;49
Express Shipping Plus;Premium fast shipping service ensuring expedited delivery of your products.;71;available;12
Extended Warranty Guard;Additional warranty service that extends the standard coverage period for your purchased goods.;469;available;37
24/7 Product Support Line;Around-the-clock customer support line for immediate assistance with your products.;454;available;17
Custom Product Tailoring;Personalization service for products, allowing customization to fit individual preferences.;232;available;13
Priority Restock Alert;An exclusive notification service for clients about the restocking of high-demand products.;389;available;41
Tech Setup Assistance;Specialized service for setting up and configuring new technological devices.;281;available;12
Product Upcycle Program;A sustainable service offering to upgrade or recycle your old products when purchasing new ones.;427;available;20
Home Trial Experience;Service allowing customers to try products at home before finalizing the purchase.;133;available;47
Annual Maintenance Checkup;Regular maintenance service for products to ensure longevity and optimal performance.;172;available;10
VIP Access Pass;Exclusive membership providing early access to new releases and special discounts on products.;192;available;19
Health and Safety Certification;Products come with a verified health and safety certification for peace of mind.;357;available;41
Interactive Product Tutorial;Access to exclusive online tutorials to maximize your product's potential.;459;available;20
Gift Wrapping Boutique;Make your purchase special with our bespoke gift wrapping service.;359;available;47
Smart Compatibility Check;Ensure your new purchase seamlessly integrates with your existing smart devices.;87;available;19
Trade-In Upgrade Program;Exchange your old models for discounts on the latest versions of our products.;83;available;16
Express Shipping Plus;Premium fast shipping service ensuring expedited delivery of your products.;130;available;10
Extended Warranty Guard;Additional warranty service that extends the standard coverage period for your purchased goods.;84;available;40
24/7 Product Support Line;Around-the-clock customer support line for immediate assistance with your products.;441;available;13
